{
  "data": [
    null,
    null,
    null,
    null
  ],
  "is_generating": false,
  "duration": 0.002596616744995117,
  "average_duration": 0.6416547649424637
}