{
  "data": [
    null,
    null,
    null,
    null
  ],
  "is_generating": false,
  "duration": 0.00854182243347168,
  "average_duration": 0.6466740293200739
}