{
  "data": [
    null
  ],
  "is_generating": false,
  "duration": 0.0005116462707519531,
  "average_duration": 0.0008831620216369629
}