{
  "data": [
    null,
    null,
    null,
    null
  ],
  "is_generating": false,
  "duration": 0.0015077590942382812,
  "average_duration": 0.644434241801366
}